Paris,75
Héricy,77
Vaudoy-en-Brie,77
Chapelle-Rablais (la),77
Sucy-en-Brie,94
Ecuelles,77
Montgeron,91
Châtres,77
Jouy-Mauvoisin,78
Bourdonné,78
Fleury-Mérogis,91
Neuilly-en-Vexin,95
Bruyères-le-Châtel,91
Montcourt-Fromonville,77
Courgent,78
Villenauxe-la-Petite,77
Tombe (la),77
Maurepas,78
Nantouillet,77
Us,95
Valpuiseaux,91
Nointel,95
Allainville,78
Mesnuls (les),78
Coubron,93
Mennecy,91
Gournay-sur-Marne,93
Brétigny-sur-Orge,91
Ville-du-Bois (la),91
Arrancourt,91
Echouboulains,77
Suresnes,92
Jouarre,77
Crisenoy,77
Grande-Paroisse (la),77
Perchay (le),95
Montolivet,77
Episy,77
Gagny,93
Saint-Cyr-sous-Dourdan,91
Orsay,91
Thomery,77
Gretz-Armainvilliers,77
Versailles,78
Saint-Denis-lès-Rebais,77
Vitry-sur-Seine,94
Saint-Sauveur-lès-Bray,77
Issou,78
Goussonville,78
Milon-la-Chapelle,78
Achères-la-Forêt,77
Orcemont,78
Ville-Saint-Jacques,77
Pécy,77
Voulangis,77
Colombes,92
Saint-Maurice-Montcouronne,91
Persan,95
Quiers,77
Chaufour-lès-Bonnières,78
Antony,92
Guillerval,91
Sannois,95
Voinsles,77
Melz-sur-Seine,77
Freneuse,78
Aubergenville,78
Pré-Saint-Gervais (le),93
Vaux-sur-Seine,78
Bussy-Saint-Martin,77
Ezanville,95
Chennevières-lès-Louvres,95
Marcq,78
Aulnoy,77
Sainte-Aulde,77
Chenou,77
Auffargis,78
Voulx,77
Bessancourt,95
Bonneuil-en-France,95
Longnes,78
Andelu,78
Houssaye-en-Brie (la),77
Chevrainvilliers,77
Vaucresson,92
Poigny-la-Forêt,78
Beauchery-Saint-Martin,77
Armentières-en-Brie,77
Bazemont,78
Mortcerf,77
Boulogne-Billancourt,92
Châtillon,92
Luisetaines,77
Fontainebleau,77
Béhoust,78
Plessis-Trévise (le),94
Haute-Isle,95
Toussus-le-Noble,78
Fourqueux,78
Clamart,92
Bréau,77
Boinvilliers,78
Saint-Brice-sous-Forêt,95
Fontenailles,77
Obsonville,77
Mériel,95
Chalo-Saint-Mars,91
Chapelle-Moutils (la),77
Bagnolet,93
Saulx-Marchais,78
Clichy,92
Saint-Jean-les-Deux-Jumeaux,77
Vallangoujard,95
Brie-Comte-Robert,77
Villebéon,77
Croissy-Beaubourg,77
Saint-Ange-le-Viel,77
Pussay,91
Saint-Gervais,95
Saint-Ouen-en-Brie,77
Bailly,78
Lieusaint,77
Villette,78
Crèvecoeur-en-Brie,77
Vieille-Eglise-en-Yvelines,78
Mons-en-Montois,77
Roche-Guyon (la),95
Tremblay-sur-Mauldre (le),78
Plessis-l'Evêque (le),77
Valenton,94
Ballainvilliers,91
Torfou,91
Bennecourt,78
Longueville,77
Vert,78
Etréchy,91
Rebais,77
Chapelle-en-Vexin (la),95
Louveciennes,78
Angervilliers,91
Drocourt,78
Jaignes,77
Bonnelles,78
Goupillières,78
Trilbardou,77
Villepreux,78
Bonneuil-sur-Marne,94
Magny-en-Vexin,95
Flins-Neuve-Eglise,78
Villeneuve-sous-Dammartin,77
Chapelle-Iger (la),77
Baillet-en-France,95
Couilly-Pont-aux-Dames,77
Buchelay,78
Maisoncelles-en-Brie,77
Emancé,78
Messy,77
Saint-Germain-lès-Arpajon,91
Villiers-Saint-Frédéric,78
Raizeux,78
Frémécourt,95
Lescherolles,77
Flagy,77
Genevraye (la),77
Saint-Mammès,77
Mortery,77
Moussy-le-Neuf,77
Boissy-Mauvoisin,78
Valence-en-Brie,77
Jouy-en-Josas,78
Coignières,78
Auvers-Saint-Georges,91
Leudeville,91
Chauconin-Neufmontiers,77
Monthyon,77
Thieux,77
Guyancourt,78
Port-Marly (le),78
Châtillon-la-Borde,77
Neauphle-le-Vieux,78
Boissy-l'Aillerie,95
Sivry-Courtry,77
Limoges-Fourches,77
Andrésy,78
Domont,95
Boulancourt,77
Margency,95
Villers-en-Arthies,95
Tournan-en-Brie,77
Treuzy-Levelay,77
Andrezel,77
Ambleville,95
Courcouronnes,91
Charny,77
Gastins,77
Cravent,78
Queue-les-Yvelines (la),78
Gironville,77
Sourdun,77
Champagne-sur-Seine,77
Courbevoie,92
Baby,77
Ferté-sous-Jouarre (la),77
Dampmart,77
Marcilly,77
Morainvilliers,78
Gesvres-le-Chapitre,77
Chatou,78
Ermont,95
Fontenay-Trésigny,77
Lissy,77
Chauffry,77
Montceaux-lès-Provins,77
Meudon,92
Lésigny,77
Flins-sur-Seine,78
Groslay,95
Menouville,95
Châteaufort,78
Choisy-le-Roi,94
Chaumes-en-Brie,77
Chenoise,77
Valmondois,95
Courcelles-sur-Viosne,95
Condé-sur-Vesgre,78
Evry,91
Janvry,91
Saulx-les-Chartreux,91
Itteville,91
Varennes-sur-Seine,77
Saint-Ouen-l'Aumône,95
Boutigny,77
Champagne-sur-Oise,95
Corbeil-Essonnes,91
Pringy,77
Porcheville,78
Arbonne-la-Forêt,77
Chessy,77
Genainville,95
Saint-Pathus,77
Saint-Aubin,91
Montigny-sur-Loing,77
Gouvernes,77
Gaillon-sur-Montcient,78
Boinville-le-Gaillard,78
Chennevières-sur-Marne,94
Epinay-sur-Seine,93
Meulan,78
Saint-Nom-la-Bretèche,78
Boissy-sous-Saint-Yon,91
Arthies,95
Chanteloup-en-Brie,77
Bougival,78
Vicq,78
Torcy,77
Courson-Monteloup,91
Lorrez-le-Bocage-Préaux,77
Chevilly-Larue,94
Passy-sur-Seine,77
Oinville-sur-Montcient,78
Chevru,77
Aubervilliers,93
Chevreuse,78
Saint-Forget,78
Courances,91
Bezalles,77
Forges,77
Vaux-le-Pénil,77
Choisel,78
Cessoy-en-Montois,77
Mespuits,91
Millemont,78
Beautheil,77
Tigeaux,77
Saint-Martin-du-Boschet,77
Saint-Rémy-la-Vanne,77
Saint-Germain-de-la-Grange,78
Falaise (la),78
Fouju,77
Saint-Sulpice-de-Favières,91
Villeneuve-sur-Auvers,91
Parmain,95
Villiers-Saint-Georges,77
Rouilly,77
Marly-la-Ville,95
Maulette,78
Chevry-Cossigny,77
Heaulme (le),95
Abbéville-la-Rivière,91
Emerainville,77
Coulommes,77
Provins,77
Beaumont-du-Gâtinais,77
Seine-Port,77
Vimpelles,77
Bray-sur-Seine,77
Bourg-la-Reine,92
Rouvres,77
Ménerville,78
Villeneuve-Saint-Georges,94
Fosses,95
Brosse-Montceaux (la),77
Coutençon,77
Lardy,91
Pomponne,77
Bezons,95
Vignely,77
Vendrest,77
Saint-Gratien,95
Bouqueval,95
Isle-Adam (l'),95
Grisy-les-Plâtres,95
Hodent,95
Gambais,78
Chamigny,77
Queue-en-Brie (la),94
Noisy-le-Sec,93
Chaumontel,95
Vernouillet,78
Tessancourt-sur-Aubette,78
Tigery,91
Marcoussis,91
Blandy,77
Puteaux,92
Mareil-sur-Mauldre,78
Granges-le-Roi (les),91
Saint-Jean-de-Beauregard,91
Paray-Douaville,78
Ollainville,91
Chapelle-Saint-Sulpice (la),77
Trilport,77
Saint-Mandé,94
Alluets-le-Roi (les),78
Sognolles-en-Montois,77
Saintry-sur-Seine,91
Jeufosse,78
Crécy-la-Chapelle,77
Prunay-le-Temple,78
Mours,95
Barbey,77
Neuville-sur-Oise,95
Tousson,77
Théméricourt,95
Guiry-en-Vexin,95
Buhy,95
Lagny-sur-Marne,77
Civry-la-Forêt,78
Bois-le-Roi,77
Hauteville (la),78
Perthes,77
Montmachoux,77
Hargeville,78
Rungis,94
Montgeroult,95
Bobigny,93
Villenoy,77
Arnouville-lès-Gonesse,95
Thiais,94
Chanteloup-les-Vignes,78
Hondevilliers,77
Vigneux-sur-Seine,91
Pin (le),77
Saint-Martin-la-Garenne,78
Boissière-Ecole (la),78
Prunay-en-Yvelines,78
Vernou-la-Celle-sur-Seine,77
Paley,77
Maisoncelles-en-Gâtinais,77
Avernes,95
Boissy-le-Cutté,91
Bouafle,78
Béthemont-la-Forêt,95
Arronville,95
Courtomer,77
Montrouge,92
Ecquevilly,78
Saint-Léger-en-Yvelines,78
Saints,77
Sainte-Mesme,78
Gazeran,78
Saint-Just-en-Brie,77
Gif-sur-Yvette,91
Saint-Denis,93
Villejust,91
Montereau-faut-Yonne,77
Arpajon,91
Limay,78
Saint-Thibault-des-Vignes,77
Orphin,78
Mareil-Marly,78
Vert-le-Petit,91
Châtelet-en-Brie (le),77
Verrière (la),78
Saint-Vrain,91
Montdauphin,77
Roissy-en-Brie,77
Amillis,77
Coudray-Montceaux (le),91
Boissy-le-Châtel,77
Chambry,77
Carrières-sous-Poissy,78
Vieux-Champagne,77
Madeleine-sur-Loing (la),77
Athis-Mons,91
Gadancourt,95
Ile-Saint-Denis (l'),93
Cély,77
Dampierre-en-Yvelines,78
Oncy-sur-Ecole,91
Villemoisson-sur-Orge,91
Douy-la-Ramée,77
Buthiers,77
Egreville,77
Chatignonville,91
Mandres-les-Roses,94
Labbeville,95
Buc,78
Vienne-en-Arthies,95
Touquin,77
Molières (les),91
Esbly,77
Montévrain,77
Plessis-Saint-Benoist,91
Saint-Leu-la-Forêt,95
Quincy-Voisins,77
Rupéreux,77
Soisy-sur-Ecole,91
Perray-en-Yvelines (le),78
Massy,91
Thillay (le),95
Champmotteux,91
Barbizon,77
Cheptainville,91
Juilly,77
Villemer,77
Blaru,78
Jouy-le-Moutier,95
Mulcent,78
Neuilly-sur-Seine,92
Bièvres,91
Vaujours,93
Nonville,77
Chavenay,78
Achères,78
Sailly,78
Saint-Clair-sur-Epte,95
Villabé,91
Frépillon,95
Pierrefitte-sur-Seine,93
Argentières,77
Goussainville,95
Fublaines,77
Alfortville,94
Férolles-Attilly,77
Rochette (la),77
Menucourt,95
Samois-sur-Seine,77
Neauphlette,78
Livry-sur-Seine,77
Signy-Signets,77
Juvisy-sur-Orge,91
Marolles-en-Brie,77
Féricy,77
Boissy-la-Rivière,91
Tremblay-en-France,93
Morigny-Champigny,91
Chamarande,91
Saint-Cyr-la-Rivière,91
Plaisir,78
Favrieux,78
Iverny,77
Sancy,77
Samoreau,77
Congis-sur-Thérouanne,77
Saint-Cyr-sur-Morin,77
Morangis,91
Villiers-le-Bâcle,91
Grandpuits-Bailly-Carrois,77
Bouffémont,95
Lommoye,78
Vulaines-sur-Seine,77
Fay-lès-Nemours,77
Mesnil-le-Roi,78
Gouzangrez,95
Saint-Martin-en-Bière,77
Arville,77
Crégy-lès-Meaux,77
Bréançon,95
Vaires-sur-Marne,77
Epiais-lès-Louvres,95
Viry-Châtillon,91
Ablon-sur-Seine,94
Bois-Herpin,91
Rochefort-en-Yvelines,78
Vinantes,77
Mousseaux-lès-Bray,77
Ormesson-sur-Marne,94
Luzarches,95
Osny,95
Livilliers,95
Grandchamp,78
Grigny,91
Villeneuve-les-Bordes,77
Sigy,77
Loges-en-Josas (les),78
Villiers-sur-Morin,77
Marly-le-Roi,78
Chailly-en-Bière,77
Montmorency,95
Butry-sur-Oise,95
Nemours,77
Nandy,77
Sept-Sorts,77
Avrainville,91
Bussy-Saint-Georges,77
Médan,78
Belloy-en-France,95
Limours,91
Vayres-sur-Essonne,91
Misy-sur-Yonne,77
Galluis,78
Val-Saint-Germain (le),91
Moret-sur-Loing,77
Noisy-sur-Oise,95
Saâcy-sur-Marne,77
Villeron,95
Livry-Gargan,93
Mauchamps,91
Lesches,77
Villeneuve-en-Chevrie (la),78
Lisses,91
Vétheuil,95
Germigny-sous-Coulombs,77
Arnouville-lès-Mantes,78
Villuis,77
Guerville,78
Morsang-sur-Seine,91
Voisins-le-Bretonneux,78
Ferrières,77
Chaville,92
Montenils,77
Saint-Maurice,94
Blennes,77
Bréviaires (les),78
Saint-Escobille,91
Varennes-Jarcy,91
Montigny-le-Guesdier,77
Saint-Arnoult-en-Yvelines,78
Liverdy-en-Brie,77
Chalou-Moulineux,91
Villeneuve-le-Comte,77
Barcy,77
Dammartin-sur-Tigeaux,77
Etiolles,91
Ferté-Alais (la),91
Bannost-Villegagnon,77
Senlisse,78
Bagneaux-sur-Loing,77
Baulne,91
Montry,77
Essarts-le-Roi (les),78
Carrières-sur-Seine,78
Pierrelaye,95
Plessis-aux-Bois (le),77
Auvers-sur-Oise,95
Vésinet (le),78
Bellot,77
Jouy-sur-Morin,77
Chilly-Mazarin,91
Leudon-en-Brie,77
Villiers-sur-Orge,91
Blanc-Mesnil (le),93
Saint-Cyr-l'Ecole,78
Mézières-sur-Seine,78
Avon,77
Charenton-le-Pont,94
Haute-Maison (la),77
Gouaix,77
Croix-en-Brie (la),77
Garenne-Colombes (la),92
Coupvray,77
Juziers,78
Gometz-le-Châtel,91
Jossigny,77
Triel-sur-Seine,78
Melun,77
Coulommiers,77
Aigremont,78
Chevry-en-Sereine,77
Feucherolles,78
Argenteuil,95
Elancourt,78
Presles,95
Plessis-Luzarches (le),95
Etang-la-Ville (l'),78
Orgeval,78
Villiers-le-Bel,95
Souzy-la-Briche,91
Montarlot,77
Boissets,78
Charmentray,77
Condécourt,95
Soisy-sur-Seine,91
Commeny,95
Paroy,77
Pamfou,77
Beaumont-sur-Oise,95
Chartrettes,77
Montceaux-lès-Meaux,77
Cernay-la-Ville,78
Vigny,95
Mauperthuis,77
Saint-Lambert,78
Saint-Yon,91
Saint-Hilarion,78
Cergy,95
Vulaines-lès-Provins,77
Fresnes-sur-Marne,77
Igny,91
Yerres,91
Nainville-les-Roches,91
Gurcy-le-Châtel,77
Adainville,78
Epinay-sur-Orge,91
Châteaubleau,77
Magny-les-Hameaux,78
Plessis-Bouchard (le),95
Brunoy,91
Villeroy,77
Amponville,77
Courneuve (la ),93
Marolles-en-Hurepoix,91
Boigneville,91
Saint-Chéron,91
Villiers-en-Bière,77
Villeparisis,77
Fontenay-en-Parisis,95
Montmagny,95
Voulton,77
Villiers-sous-Grez,77
Montreuil-sur-Epte,95
Montsoult,95
Villennes-sur-Seine,78
Dannemois,91
Maisse,91
Quincy-sous-Sénart,91
Chapelles-Bourbon (les),77
Orly-sur-Morin,77
Boissise-le-Roi,77
Breuillet,91
Puiseux-en-France,95
Villeconin,91
Breux-Jouy,91
Epiais-Rhus,95
Créteil,94
Aubepierre-Ozouer-le-Repos,77
Saint-Augustin,77
Donnemarie-Dontilly,77
Fontenay-sous-Bois,94
Bondy,93
Ablis,78
Enghien-les-Bains,95
Asnières-sur-Oise,95
Claye-Souilly,77
Faremoutiers,77
Viarmes,95
Egly,91
Boissettes,77
Ulis (les),91
Soisy-Bouy,77
Neuilly-sur-Marne,93
Courcelles-en-Bassée,77
Angerville,91
Villejuif,94
Laval-en-Brie,77
Montfort-l'Amaury,78
Bonnières-sur-Seine,78
Lizines,77
Villiers-sur-Seine,77
Moisenay,77
Villemomble,93
Pontcarré,77
Rampillon,77
Fontenay-Saint-Père,78
Viroflay,78
Maudétour-en-Vexin,95
Sermaise,91
Cléry-en-Vexin,95
Champigny-sur-Marne,94
Marines,95
Chauffour-lès-Etréchy,91
Fontenay-Mauvoisin,78
Chapelle-la-Reine  (la),77
Perdreauville,78
Aulnay-sous-Bois,93
Fontains,77
Villiers-sur-Marne,94
Montlignon,95
Saint-Martin-du-Tertre,95
Fromont,77
Amenucourt,95
Janville-sur-Juine,91
Chalmaison,77
Collégien,77
Gargenville,78
Mée-sur-Seine (le),77
Germigny-l'Evêque,77
Vanves,92
Epône,78
Trétoire (la),77
Cesson,77
Moussy-le-Vieux,77
Eaubonne,95
Précy-sur-Marne,77
Hautefeuille,77
Maison-Rouge,77
Cucharmoy,77
Garches,92
Marêts (les),77
Conflans-Sainte-Honorine,78
Egligny,77
Fontaine-Fourches,77
Saint-Pierre-du-Perray,91
Mesnil-Aubry (le),95
Boussy-Saint-Antoine,91
Chapet,78
Larchant,77
Bondoufle,91
Ury,77
Vaucourtois,77
Reuil-en-Brie,77
Boutigny-sur-Essonne,91
Gommecourt,78
Hérouville,95
Génicourt,95
Compans,77
Villevaudé,77
Moigny-sur-Ecole,91
Châtenay-sur-Seine,77
Seraincourt,95
Saclas,91
Autouillet,78
Bassevelle,77
Celle-sur-Morin (la),77
Guernes,78
Davron,78
Cuisy,77
Louvres,95
Courtacon,77
Brouy,91
Changis-sur-Marne,77
Noisy-le-Grand,93
Ennery,95
Flacourt,78
Aufferville,77
Evry-Grégy-sur-Yerre,77
Mary-sur-Marne,77
Mureaux (les),78
Soignolles-en-Brie,77
Boissy-le-Sec,91
Houdan,78
Garancières,78
Blandy,91
Raincy (le),93
Wissous,91
Nogent-sur-Marne,94
Courpalay,77
Osmoy,78
Dammartin-en-Serve,78
Stains,93
Marchémoret,77
Jumeauville,78
Trappes,78
Leuville-sur-Orge,91
Savigny-le-Temple,77
Issy-les-Moulineaux,92
Saint-Germain-Laxis,77
Darvault,77
Mantes-la-Jolie,78
Attainville,95
Saint-Ouen,93
Plessis-Gassot (le),95
Cormeilles-en-Vexin,95
Choisy-en-Brie,77
Saint-Léger,77
Prunay-sur-Essonne,91
Pecqueuse,91
Montigny-lès-Cormeilles,95
Longvilliers,78
Dhuisy,77
Dormelles,77
Doue,77
Poissy,78
Augers-en-Brie,77
Rosny-sur-Seine,78
Jagny-sous-Bois,95
Croissy-sur-Seine,78
Saint-Mard,77
Montreuil,93
Machault,77
Eragny,95
Saint-Germain-sous-Doue,77
Bullion,78
Noyen-sur-Seine,77
Mondreville,77
Cerneux,77
Ivry-sur-Seine,94
Châtenoy,77
Moissy-Cramayel,77
Clos-Fontaine,77
Villiers-Adam,95
Clichy-sous-Bois,93
Epinay-Champlâtreux,95
Bois-Colombes,92
Vincy-Manoeuvre,77
Jouy-le-Châtel,77
Omerville,95
Bazainville,78
Longperrier,77
Montigny-Lencoup,77
Sancy-lès-Provins,77
Pontault-Combault,77
Saint-Fiacre,77
Rueil-Malmaison,92
Bourron-Marlotte,77
Burcy,77
Presles-en-Brie,77
Pézarches,77
Chartronges,77
Ponthévrard,78
Clairefontaine-en-Yvelines,78
Richebourg,78
Plessis-Pâté (le),91
Mesnil-Saint-Denis (le),78
Jambville,78
Courquetaine,77
Maisons-Laffitte,78
Grosrouvre,78
Chaussy,95
Nanteau-sur-Essonne,77
Noiseau,94
Gressey,78
Orly,94
Rosay,78
Mondeville,91
Serris,77
Cannes-Ecluse,77
Saint-Ouen-sur-Morin,77
Bailly-Romainvilliers,77
Courdimanche-sur-Essonne,91
Bransles,77
Hédouville,95
Thoury-Férottes,77
Ballancourt-sur-Essonne,91
Romainville,93
Plessis-Placy (le),77
Ecrennes (les),77
Maincy,77
Verdelot,77
Champs-sur-Marne,77
Savins,77
Méry-sur-Oise,95
Varreddes,77
Ichy,77
Crosne,91
Nesles-la-Vallée,95
Orsonville,78
Saint-Cyr-en-Arthies,95
Citry,77
Saint-Prix,95
Solers,77
Penchard,77
Chérence,95
Breuil-Bois-Robert,78
Villeneuve-Saint-Denis,77
Fontenay-lès-Briis,91
Briis-sous-Forges,91
Congerville-Thionville,91
Frouville,95
Saint-Brice,77
Authon-la-Plaine,91
Celle-Saint-Cloud (la),78
Aulnay-sur-Mauldre,78
Auteuil,78
Beauvoir,77
Gressy,77
Crouy-sur-Ourcq,77
Buno-Bonnevaux,91
Bréval,78
Mormant,77
Saint-Méry,77
Grisy-Suisnes,77
Montalet-le-Bois,78
Villepinte,93
Dagny,77
Courdimanche,95
Sartrouville,78
Lizy-sur-Ourcq,77
Bouray-sur-Juine,91
Drancy,93
Chevannes,91
Rosny-sous-Bois,93
Marolles-en-Beauce,91
Saint-Germain-sur-Ecole,77
Montgé-en-Goële,77
Crespières,78
Saint-Soupplets,77
Chauvry,95
Saint-Hilaire,91
Dammartin-en-Goële,77
Seugy,95
Corbreuse,91
Joinville-le-Pont,94
Paray-Vieille-Poste,91
Ecouen,95
Souppes-sur-Loing,77
Vaugrigneuse,91
Hermé,77
Recloses,77
Saint-Germain-sur-Morin,77
Noisy-Rudignon,77
Neufmoutiers-en-Brie,77
Carnetin,77
Bry-sur-Marne,94
Guignes,77
Cormeilles-en-Parisis,95
Maffliers,95
Saint-Germain-en-Laye,78
Léchelle,77
Ozouer-le-Voulgis,77
Saclay,91
Nanteuil-lès-Meaux,77
Piscop,95
Tilly,78
Port-Villez,78
Lilas (les),93
Marolles-sur-Seine,77
Champdeuil,77
Jouars-Ponchartrain,78
Banthelu,95
Villeneuve-la-Garenne,92
Morsang-sur-Orge,91
D'Huison-Longueville,91
Meigneux,77
Verrières-le-Buisson,91
Clayes-sous-Bois (les),78
Villecresnes,94
Fontenay-le-Fleury,78
Forêt-le-Roi (la),91
Louan-Villegruis-Fontaine,77
May-en-Multien,77
Wy-Dit-Joly-Village,95
Thiverval-Grignon,78
Roissy-en-France,95
Coutevroult,77
Meaux,77
Orgerus,78
Chapelle-Gauthier (la),77
Malakoff,92
Bougligny,77
Magnanville,78
Guérard,77
Saint-Germain-Laval,77
Diant,77
Kremlin-Bicêtre (le),94
Roinvilliers,91
Méry-sur-Marne,77
Mérobert,91
Noisy-le-Roi,78
Nanteau-sur-Lunain,77
Montigny-le-Bretonneux,78
Moisselles,95
Saint-Loup-de-Naud,77
Brignancourt,95
Saint-Pierre-lès-Nemours,77
Limetz-Villez,78
Beauchamp,95
Vauhallan,91
Norville (la),91
Vaux-sur-Lunain,77
Périgny,94
Gentilly,94
Milly-la-Forêt,91
Berville,95
Nangis,77
Saint-Sauveur-sur-Ecole,77
Maule,78
Saint-Remy-lès-Chevreuse,78
Mareuil-lès-Meaux,77
Vaudherland,95
Franconville,95
Saint-Germain-lès-Corbeil,91
Vert-Saint-Denis,77
Bouleurs,77
Rocquencourt,78
Ferté-Gaucher (la),77
Richarville,91
Montesson,78
Chalautre-la-Grande,77
Cocherel,77
Giremoutiers,77
Sevran,93
Orveau,91
Dannemarie,78
Hardricourt,78
Ronquerolles,95
Aincourt,95
Champlan,91
Tertre-Saint-Denis (le),78
Guigneville-sur-Essonne,91
Vémars,95
Meilleray,77
Montainville,78
Luzancy,77
Mézy-sur-Seine,78
Tancrou,77
Linas,91
Pontoise,95
Sonchamp,78
Garentreville,77
Tacoignières,78
Survilliers,95
Sarcelles,95
Villeneuve-sur-Bellot,77
Savigny-sur-Orge,91
Nozay,91
Flexanville,78
Gambaiseuil,78
Saint-Mesmes,77
Balloy,77
Arcueil,94
Gonesse,95
Soindres,78
Boinville-en-Mantois,78
Courchamp,77
Saint-Martin-de-Bréthencourt,78
Jaulnes,77
Mondreville,78
Neauphle-le-Château,78
Rubelles,77
Dugny,93
Puiseux-Pontoise,95
Isles-les-Meldeuses,77
Boisdon,77
Marnes-la-Coquette,92
Fontenay-aux-Roses,92
Mesnil-Amelot (le),77
Trocy-en-Multien,77
Vincennes,94
Villaines-sous-Bois,95
Mareil-le-Guyon,78
Vaudoué  (le),77
Marolles-en-Brie,94
Hermeray,78
Bouville,91
Rennemoulin,78
Houilles,78
Champeaux,77
Boissise-la-Bertrand,77
Etrépilly,77
Villemareuil,77
Conches,77
Chelles,77
Bagneux,92
Saint-Barthélemy,77
Bazoches-lès-Bray,77
Réau,77
Noisiel,77
Rambouillet,78
Chalautre-la-Petite,77
Favières,77
Auvernaux,91
Moisson,78
Santeuil,95
Monnerville,91
Perreux-sur-Marne (le),94
Videlles,91
Chesnay (le),78
Palaiseau,91
Sablonnières,77
Saint-Mars-Vieux-Maisons,77
Cerny,91
Saint-Fargeau-Ponthierry,77
Rolleboise,78
Pommeuse,77
Villiers-le-Mahieu,78
Champcenest,77
Forfry,77
Saint-Martin-des-Champs,77
Mauregard,77
Villecerf,77
Boullay-les-Troux,91
Sammeron,77
Garges-lès-Gonesse,95
Montereau-sur-le-Jard,77
Herblay,95
Roinville,91
Combs-la-Ville,77
Bellay-en-Vexin (le),95
Bures-sur-Yvette,91
Méricourt,78
Condé-Sainte-Libiaire,77
Chambourcy,78
Orvilliers,78
Noisy-sur-Ecole,77
Asnières-sur-Seine,92
Mouy-sur-Seine,77
Beton-Bazoches,77
Echarcon,91
Saint-Illiers-le-Bois,78
Villeneuve-le-Roi,94
Bussières,77
Bernes-sur-Oise,95
Méré,78
Frétoy,77
Poincy,77
Marles-en-Brie,77
Villebon-sur-Yvette,91
Septeuil,78
Theuville,95
Grez-sur-Loing,77
Forêt-Sainte-Croix (la),91
Bazoches-sur-Guyonne,78
Jutigny,77
Villetaneuse,93
Mareil-en-France,95
Maisons-Alfort,94
Bernay-Vilbert,77
Chailly-en-Brie,77
Château-Landon,77
Ussy-sur-Marne,77
Pecq (le),78
Guibeville,91
Oissery,77
Ocquerre,77
Sainte-Colombe,77
Boissy-aux-Cailles,77
Puisieux,77
Lainville,78
Saint-Remy-l'Honoré,78
Magny-le-Hongre,77
Forges-les-Bains,91
Guitrancourt,78
Neuilly-Plaisance,93
Draveil,91
Coulombs-en-Valois,77
Saint-Cloud,92
Esmans,77
Verneuil-sur-Seine,78
Saint-Michel-sur-Orge,91
Grisy-sur-Seine,77
Courtry,77
Fresnes,94
Salins,77
Thénisy,77
Boitron,77
Saint-Martin-des-Champs,78
Plessis-Robinson (le),92
Bellefontaine,95
Longjumeau,91
Poigny,77
Othis,77
Bombon,77
Guermantes,77
Boisemont,95
Montfermeil,93
Jablines,77
Levallois-Perret,92
Sèvres,92
Tartre-Gaudran (le),78
Longuesse,95
Ableiges,95
Brueil-en-Vexin,78
Frette-sur-Seine (la),95
Frémainville,95
Mantes-la-Ville,78
Longpont-sur-Orge,91
Soisy-sous-Montmorency,95
Sceaux,92
Santeny,94
Montlhéry,91
Herbeville,78
Dourdan,91
Bruyères-sur-Oise,95
Châtenay-en-France,95
Yèbles,77
Boissy-sans-Avoir,78
Thorigny-sur-Marne,77
Verneuil-l'Etang,77
Plessis-Feu-Aussoux  (le),77
Villemaréchal,77
Mousseaux-sur-Seine,78
Epinay-sous-Sénart,91
Haravilliers,95
Nanteuil-sur-Marne,77
Saint-Maur-des-Fossés,94
Deuil-la-Barre,95
Lassy,95
Fleury-en-Bière,77
Champcueil,91
Bray-et-Lû,95
Dammarie-les-Lys,77
Mouroux,77
Pierre-Levée,77
Puiselet-le-Marais,91
Follainville-Dennemont,78
Everly,77
Ormoy-la-Rivière,91
Bois-d'Arcy,78
Beynes,78
Ormesson,77
Gometz-la-Ville,91
Saint-Hilliers,77
Gennevilliers,92
Chaintreaux,77
Méréville,91
Ormoy,91
Rumont,77
Bourget (le),93
Voisenon,77
Chalifert,77
Evecquemont,78
Vanvillé,77
Maurecourt,78
Haÿ-les-Roses (l'),94
Villiers-le-Sec,95
Ozoir-la-Ferrière,77
Fontaine-la-Rivière,91
Limeil-Brévannes,94
Lévis-Saint-Nom,78
Thoiry,78
Andilly,95
Ormes-sur-Voulzie (les),77
Châtenay-Malabry,92
Saint-Siméon,77
Celle-les-Bordes (la),78
Vélizy-Villacoublay,78
Fontenay-le-Vicomte,91
Boutervilliers,91
Ris-Orangis,91
Guercheville,77
Chars,95
Nézel,78
Etampes,91
Remauville,77
Isles-lès-Villenoy,77
Estouches,91
Gravon,77
Lognes,77
Annet-sur-Marne,77
Brières-les-Scellés,91
Saint-Illiers-la-Ville,78
Nucourt,95
Taverny,95
Fontaine-le-Port,77
Montchauvet,78
Pavillons-sous-Bois,93
Mitry-Mory,77
Sainte-Geneviève-des-Bois,91
Sagy,95
Nanterre,92
Brou-sur-Chantereine,77
Veneux-les-Sablons,77
Vert-le-Grand,91
Pantin,93
Vauréal,95
Poligny,77
Coubert,77
Auffreville-Brasseuil,78
Nerville-la-Forêt,95
Charmont,95
Gironville-sur-Essonne,91
Moussy,95
Mittainville,78
Saint-Witz,95
Cachan,94
Rozay-en-Brie,77
Boissy-Saint-Léger,94
Lumigny-Nesles-Ormeaux,77
Servon,77
Ville-d'Avray,92
